$mon,$osd,$driver,$worker,$read,$write,$container,$object,$size,$<op-write
1,6,4,4,10,90,16,4096,0,53.2572222222
1,4,2,8,75,25,16,4096,0,57.8425
1,10,4,8,25,75,16,4096,0,99.2394444444
1,30,2,2,75,25,16,4096,0,34.6069444444
1,4,2,2,50,50,16,4096,0,35.415
1,4,1,2,90,10,16,4096,0,28.8838888889
1,4,4,8,10,90,16,4096,0,105.5897222222
1,10,4,4,25,75,16,4096,0,54.0938888889
1,30,1,8,25,75,16,4096,0,92.8747222222
1,6,4,32,75,25,16,4096,0,261.6769444444
1,30,1,2,90,10,16,4096,0,35.2580555556
1,8,2,4,50,50,16,4096,0,49.1658333333
1,10,4,4,10,90,16,4096,0,55.2516666667
1,4,2,4,75,25,16,4096,0,42.0966666667
1,8,1,8,90,10,16,4096,0,43.8505555556
1,6,1,4,0,100,16,4096,0,52.7205555556
1,30,4,32,10,90,16,4096,0,418.0224324324
1,6,2,8,90,10,16,4096,0,53.0133333333
1,4,1,1,50,50,16,4096,0,29.9908333333
1,8,4,8,75,25,16,4096,0,67.8119444444
1,6,4,16,90,10,16,4096,0,79.0372222222
1,8,4,8,0,100,16,4096,0,104.4352777778
1,30,4,32,75,25,16,4096,0,332.9732432432
1,4,4,8,0,100,16,4096,0,112.7113888889
1,8,2,16,0,100,16,4096,0,201.4944444444
1,10,2,4,90,10,16,4096,0,35.0147222222
1,20,1,8,90,10,16,4096,0,41.1794444444
1,30,1,4,0,100,16,4096,0,58.7316666667
1,30,4,4,90,10,16,4096,0,38.0819444444
1,20,2,16,0,100,16,4096,0,203.4244444444
1,6,1,2,10,90,16,4096,0,39.1072222222
1,20,2,2,90,10,16,4096,0,34.2991666667
1,20,4,4,25,75,16,4096,0,56.6244444444
1,20,2,16,50,50,16,4096,0,176.8791891892
1,6,4,16,75,25,16,4096,0,142.8466666667
1,10,4,16,90,10,16,4096,0,89.39
1,10,1,2,50,50,16,4096,0,35.6116666667
1,10,1,4,10,90,16,4096,0,55.4466666667
1,20,4,8,10,90,16,4096,0,98.3938888889
1,10,2,8,0,100,16,4096,0,102.7688888889
1,10,4,32,0,100,16,4096,0,403.0508333333
1,4,4,32,90,10,16,4096,0,133.1572222222
1,6,2,2,50,50,16,4096,0,37.0616666667
1,4,4,32,0,100,16,4096,0,453.3851351351
1,8,2,2,25,75,16,4096,0,38.4933333333
1,6,1,1,10,90,16,4096,0,32.15
1,6,2,8,10,90,16,4096,0,99.0591666667
1,30,4,8,90,10,16,4096,0,42.4880555556
1,6,2,2,25,75,16,4096,0,37.7688888889
1,8,1,2,10,90,16,4096,0,39.3055555556
1,20,1,4,25,75,16,4096,0,53.97
1,8,2,4,0,100,16,4096,0,55.395
1,10,4,8,75,25,16,4096,0,70.2138888889
1,6,4,32,90,10,16,4096,0,141.4647222222
1,6,1,2,50,50,16,4096,0,36.8327777778
1,10,2,4,75,25,16,4096,0,45.8466666667
1,4,2,8,10,90,16,4096,0,106.0316666667
1,4,2,4,25,75,16,4096,0,46.8219444444
1,6,2,4,25,75,16,4096,0,52.1
1,20,1,2,90,10,16,4096,0,34.4933333333
1,6,2,2,10,90,16,4096,0,37.0105555556
1,4,4,4,25,75,16,4096,0,48.4955555556
1,4,1,2,50,50,16,4096,0,35.0222222222
1,8,4,32,75,25,16,4096,0,267.4619444444
1,20,1,8,75,25,16,4096,0,59.7043243243
1,10,2,2,0,100,16,4096,0,39.2286111111
1,6,1,8,10,90,16,4096,0,95.3555555556
1,10,2,16,75,25,16,4096,0,146.3827777778
1,4,4,16,10,90,16,4096,0,213.9475675676
1,20,2,8,10,90,16,4096,0,102.8144444444
1,4,1,4,90,10,16,4096,0,35.1891666667
1,20,2,2,75,25,16,4096,0,33.9791666667
1,6,1,2,90,10,16,4096,0,31.1427777778
1,10,2,4,25,75,16,4096,0,53.2658333333
1,10,2,8,50,50,16,4096,0,86.3259459459
1,10,2,4,50,50,16,4096,0,50.2591666667
1,4,2,2,75,25,16,4096,0,33.1705555556
1,4,2,2,0,100,16,4096,0,38.2019444444
1,10,4,4,0,100,16,4096,0,55.7330555556
1,6,4,8,25,75,16,4096,0,93.2355555556
1,4,2,4,90,10,16,4096,0,35.5094444444
1,10,1,8,75,25,16,4096,0,67.6144444444
1,6,2,4,75,25,16,4096,0,43.7294444444
1,4,1,2,25,75,16,4096,0,36.3786111111
1,8,2,16,50,50,16,4096,0,170.6463888889
1,4,1,1,90,10,16,4096,0,30.3363888889
1,6,4,32,10,90,16,4096,0,394.1788888889
1,30,1,2,50,50,16,4096,0,35.0905555556
1,8,2,2,0,100,16,4096,0,39.5127777778
1,4,1,8,50,50,16,4096,0,111.7683333333
1,30,2,8,10,90,16,4096,0,100.2508333333
1,20,4,4,90,10,16,4096,0,35.4769444444
1,20,1,8,0,100,16,4096,0,101.7513513514
1,8,4,16,90,10,16,4096,0,96.7747222222
1,30,1,2,25,75,16,4096,0,36.8377777778
1,30,4,4,10,90,16,4096,0,61.6916666667
1,10,4,32,75,25,16,4096,0,294.4489189189
1,8,1,4,25,75,16,4096,0,51.8663888889
1,4,4,8,25,75,16,4096,0,94.3697222222
1,20,2,8,25,75,16,4096,0,95.9577777778
1,8,1,8,25,75,16,4096,0,93.5408333333
1,8,1,8,10,90,16,4096,0,97.4622222222
1,20,4,16,10,90,16,4096,0,198.5037837838
1,20,2,8,90,10,16,4096,0,53.432972973
1,6,1,2,25,75,16,4096,0,36.7755555556
1,8,4,4,25,75,16,4096,0,52.1219444444
1,6,2,4,90,10,16,4096,0,37.7169444444
1,30,1,8,90,10,16,4096,0,39.7275
1,8,1,1,10,90,16,4096,0,31.8708333333
1,30,1,4,50,50,16,4096,0,42.2897222222
1,10,1,8,25,75,16,4096,0,96.6577777778
1,10,1,2,0,100,16,4096,0,39.0872222222
1,4,4,4,10,90,16,4096,0,53.0527777778
1,6,2,16,75,25,16,4096,0,123.7916666667
1,6,1,4,90,10,16,4096,0,33.9411111111
1,8,2,16,10,90,16,4096,0,198.4472972973
1,20,2,4,25,75,16,4096,0,55.1158333333
1,8,4,8,10,90,16,4096,0,98.0802777778
1,6,2,16,0,100,16,4096,0,203.9886486486
1,4,1,4,75,25,16,4096,0,41.1233333333
1,30,1,4,10,90,16,4096,0,55.5119444444
1,10,1,8,0,100,16,4096,0,103.0161111111
1,20,1,4,50,50,16,4096,0,43.4713513514
1,6,4,16,0,100,16,4096,0,200.5113888889
1,4,2,8,50,50,16,4096,0,74.4364864865
1,20,4,16,90,10,16,4096,0,100.9391891892
1,20,4,4,75,25,16,4096,0,40.9197222222
1,10,1,8,10,90,16,4096,0,100.3075
1,6,2,2,75,25,16,4096,0,34.5130555556
1,20,2,8,75,25,16,4096,0,61.0988888889
1,30,2,8,0,100,16,4096,0,105.4183333333
1,10,4,32,90,10,16,4096,0,194.5591666667
1,10,1,1,0,100,16,4096,0,32.3955555556
1,30,2,2,0,100,16,4096,0,42.7583333333
1,8,1,2,90,10,16,4096,0,31.2483333333
1,20,2,4,50,50,16,4096,0,48.6833333333
1,8,1,4,75,25,16,4096,0,42.1566666667
1,20,4,16,25,75,16,4096,0,196.6613888889
1,10,4,32,25,75,16,4096,0,390.6002702703
1,8,4,4,0,100,16,4096,0,54.9202777778
1,30,1,8,10,90,16,4096,0,100.5436111111
1,8,4,32,50,50,16,4096,0,344.7791891892
1,20,2,2,0,100,16,4096,0,42.6069444444
1,4,4,4,90,10,16,4096,0,35.9158333333
1,20,2,16,25,75,16,4096,0,197.3319444444
1,8,2,2,50,50,16,4096,0,37.5780555556
1,30,4,32,90,10,16,4096,0,220.1911111111
1,20,1,2,10,90,16,4096,0,40.1377777778
1,30,2,8,75,25,16,4096,0,62.5822222222
1,30,4,16,0,100,16,4096,0,207.4936111111
1,6,2,16,10,90,16,4096,0,200.2716216216
1,8,2,4,25,75,16,4096,0,51.8752777778
1,30,4,4,25,75,16,4096,0,55.2069444444
1,30,4,8,25,75,16,4096,0,94.3641666667
1,20,4,8,75,25,16,4096,0,68.4486111111
1,8,1,1,50,50,16,4096,0,31.2147222222
1,10,4,8,50,50,16,4096,0,86.9555555556
1,4,1,4,50,50,16,4096,0,44.1683333333
1,4,1,4,0,100,16,4096,0,56.1838888889
1,6,4,32,50,50,16,4096,0,325.1351351351
1,10,2,2,10,90,16,4096,0,40.3894444444
1,8,2,16,75,25,16,4096,0,135.0819444444
1,8,1,8,0,100,16,4096,0,101.5258333333
1,4,1,1,10,90,16,4096,0,29.4308333333
1,30,1,1,90,10,16,4096,0,43.5730555556
1,10,2,8,10,90,16,4096,0,102.0588888889
1,4,2,8,0,100,16,4096,0,110.9783333333
1,6,1,1,50,50,16,4096,0,30.2705555556
1,10,2,16,0,100,16,4096,0,207.9902777778
1,20,1,2,25,75,16,4096,0,37.7016666667
1,20,1,4,75,25,16,4096,0,36.4583333333
1,8,2,8,0,100,16,4096,0,102.7316666667
1,20,1,4,0,100,16,4096,0,58.7888888889
1,30,4,8,75,25,16,4096,0,66.4386111111
1,8,4,16,10,90,16,4096,0,198.5525
1,4,1,2,75,25,16,4096,0,31.8466666667
1,4,2,2,10,90,16,4096,0,36.4944444444
1,6,4,8,10,90,16,4096,0,98.1886111111
1,20,4,32,50,50,16,4096,0,388.2383333333
1,10,1,4,90,10,16,4096,0,33.6786111111
1,30,2,16,75,25,16,4096,0,136.2643243243
1,30,4,8,50,50,16,4096,0,85.7677777778
1,20,4,8,0,100,16,4096,0,101.1930555556
1,10,4,16,25,75,16,4096,0,193.0856756757
1,4,4,4,0,100,16,4096,0,56.6161111111
1,10,4,32,50,50,16,4096,0,355.592972973
1,10,2,8,25,75,16,4096,0,96.9291666667
1,6,1,1,25,75,16,4096,0,31.4105555556
1,6,4,16,50,50,16,4096,0,175.2925
1,30,2,8,25,75,16,4096,0,96.4194444444
1,20,1,2,75,25,16,4096,0,34.2980555556
1,10,4,8,10,90,16,4096,0,96.8880555556
1,8,1,1,25,75,16,4096,0,31.9133333333
1,10,1,2,25,75,16,4096,0,38.3052777778
1,20,1,1,75,25,16,4096,0,32.4508333333
1,30,1,1,10,90,16,4096,0,32.5319444444
1,4,4,8,90,10,16,4096,0,48.375
1,30,2,4,10,90,16,4096,0,59.0727777778
1,20,1,2,50,50,16,4096,0,34.4788888889
1,8,4,16,25,75,16,4096,0,192.8827777778
1,4,1,2,10,90,16,4096,0,36.6733333333
1,10,2,4,10,90,16,4096,0,54.8397222222
1,20,4,4,0,100,16,4096,0,60.7775
1,8,1,2,0,100,16,4096,0,40.1197222222
1,8,1,2,25,75,16,4096,0,38.9091666667
1,8,4,32,25,75,16,4096,0,376.8141666667
1,20,1,4,10,90,16,4096,0,56.9580555556
1,30,4,16,75,25,16,4096,0,142.33
1,10,4,8,0,100,16,4096,0,103.5583783784
1,30,1,8,75,25,16,4096,0,52.3869444444
1,8,4,8,90,10,16,4096,0,53.8302777778
1,30,2,16,25,75,16,4096,0,217.5786111111
1,4,1,1,25,75,16,4096,0,31.5008333333
1,30,2,2,90,10,16,4096,0,34.2369444444
1,4,1,1,0,100,16,4096,0,28.35
1,20,2,4,10,90,16,4096,0,57.9047222222
1,30,1,4,75,25,16,4096,0,37.8483333333
1,20,4,8,25,75,16,4096,0,97.0425
1,30,1,1,75,25,16,4096,0,34.0830555556
1,10,1,2,90,10,16,4096,0,31.6058333333
1,20,4,32,10,90,16,4096,0,408.8505555556
1,8,2,2,10,90,16,4096,0,39.5883333333
1,8,4,16,75,25,16,4096,0,246.8866666667
1,6,4,32,25,75,16,4096,0,370.5719444444
1,20,4,32,25,75,16,4096,0,403.1394594595
1,20,2,4,90,10,16,4096,0,35.2344444444
1,4,4,8,50,50,16,4096,0,77.9883333333
1,20,1,1,25,75,16,4096,0,31.9411111111
1,20,4,8,50,50,16,4096,0,85.9391891892
1,30,2,16,0,100,16,4096,0,207.2337837838
1,10,2,2,75,25,16,4096,0,33.8197222222
1,4,4,8,75,25,16,4096,0,67.2247222222
1,8,4,16,50,50,16,4096,0,176.4033333333
1,6,1,1,90,10,16,4096,0,31.9033333333
1,20,2,4,0,100,16,4096,0,59.5555555556
1,10,4,16,0,100,16,4096,0,203.39
1,30,2,16,10,90,16,4096,0,199.3355555556
1,30,1,1,25,75,16,4096,0,32.3136111111
1,6,2,4,10,90,16,4096,0,52.2630555556
1,20,1,4,90,10,16,4096,0,35.0577777778
1,30,1,1,50,50,16,4096,0,32.1913888889
1,6,2,8,50,50,16,4096,0,79.1088888889
1,10,2,2,50,50,16,4096,0,37.4863888889
1,20,2,16,90,10,16,4096,0,89.8775675676
1,20,1,1,0,100,16,4096,0,33.4105555556
1,8,1,2,50,50,16,4096,0,36.0497222222
1,6,1,2,0,100,16,4096,0,40.6855555556
1,30,2,16,50,50,16,4096,0,183.7841666667
1,20,1,1,10,90,16,4096,0,32.1563888889
1,4,4,32,10,90,16,4096,0,422.4410810811
1,6,4,16,25,75,16,4096,0,186.0869444444
1,20,2,2,10,90,16,4096,0,40.5866666667
1,10,2,2,90,10,16,4096,0,32.2686111111
1,8,2,4,90,10,16,4096,0,34.8072222222
1,10,1,4,75,25,16,4096,0,40.4702777778
1,30,4,16,90,10,16,4096,0,112.0835135135
1,8,1,4,50,50,16,4096,0,49.2911111111
1,8,2,8,50,50,16,4096,0,83.6847222222
1,4,1,4,25,75,16,4096,0,48.5097297297
1,8,2,16,90,10,16,4096,0,74.0944444444
1,8,2,16,25,75,16,4096,0,193.1908108108
1,20,1,1,50,50,16,4096,0,31.7991666667
1,20,4,32,0,100,16,4096,0,412.5836111111
1,30,4,8,0,100,16,4096,0,103.2272222222
1,4,1,8,90,10,16,4096,0,50.8033333333
1,20,2,8,0,100,16,4096,0,101.6454054054
1,10,1,1,50,50,16,4096,0,30.9052777778
1,6,1,4,25,75,16,4096,0,48.6994444444
1,30,2,2,50,50,16,4096,0,37.0105555556
1,4,2,2,90,10,16,4096,0,30.0033333333
1,30,1,4,90,10,16,4096,0,36.8466666667
1,6,4,16,10,90,16,4096,0,195.7252777778
1,4,2,8,25,75,16,4096,0,93.7572222222
1,6,2,8,25,75,16,4096,0,93.8005555556
1,8,2,8,10,90,16,4096,0,102.4143243243
1,10,2,4,0,100,16,4096,0,55.0169444444
1,4,1,1,75,25,16,4096,0,28.855
1,8,4,32,0,100,16,4096,0,403.4013513514
1,30,2,4,90,10,16,4096,0,36.3566666667
1,4,4,16,0,100,16,4096,0,225.8572972973
1,8,4,4,10,90,16,4096,0,52.0147222222
1,20,2,16,75,25,16,4096,0,127.9135135135
1,20,1,2,0,100,16,4096,0,42.0216666667
1,6,1,8,0,100,16,4096,0,102.1591666667
1,20,2,8,50,50,16,4096,0,85.2691666667
1,8,4,4,50,50,16,4096,0,49.1025
1,20,4,4,50,50,16,4096,0,48.9747222222
1,30,1,2,0,100,16,4096,0,41.0413888889
1,30,1,2,75,25,16,4096,0,34.9566666667
1,8,1,4,10,90,16,4096,0,54.2361111111
1,30,2,2,25,75,16,4096,0,39.8494444444
1,30,2,8,50,50,16,4096,0,86.3622222222
1,20,4,32,90,10,16,4096,0,207.8902702703
1,4,2,4,0,100,16,4096,0,58.1458333333
1,8,2,2,75,25,16,4096,0,33.8313888889
1,8,2,8,25,75,16,4096,0,112.5113513514
1,10,2,16,50,50,16,4096,0,181.5444444444
1,10,4,16,50,50,16,4096,0,183.8635135135
1,10,1,4,0,100,16,4096,0,55.8861111111
1,8,1,4,0,100,16,4096,0,55.8051351351
1,10,4,4,50,50,16,4096,0,51.6766666667
1,4,2,16,75,25,16,4096,0,125.6411111111
1,6,4,4,0,100,16,4096,0,53.7466666667
1,8,1,2,75,25,16,4096,0,32.5875
1,20,2,2,50,50,16,4096,0,36.8552777778
1,30,4,32,25,75,16,4096,0,411.5477777778
1,20,2,16,10,90,16,4096,0,202.1277777778
1,30,4,16,50,50,16,4096,0,189.7897222222
1,30,4,16,25,75,16,4096,0,199.4388888889
1,10,1,1,10,90,16,4096,0,32.4975
1,8,4,16,0,100,16,4096,0,203.2083333333
1,6,1,4,75,25,16,4096,0,41.1769444444
1,10,2,16,25,75,16,4096,0,202.6977777778
1,6,2,16,25,75,16,4096,0,189.9933333333
1,10,1,1,25,75,16,4096,0,31.5488888889
1,4,4,32,50,50,16,4096,0,331.6986486486
1,10,4,16,10,90,16,4096,0,199.6341666667
1,10,4,32,10,90,16,4096,0,396.5091891892
1,6,2,4,50,50,16,4096,0,47.9366666667
1,6,2,16,50,50,16,4096,0,172.2386111111
1,10,1,8,90,10,16,4096,0,44.9036111111
1,20,4,16,75,25,16,4096,0,138.0622222222
1,30,4,8,10,90,16,4096,0,102.6669444444
1,10,4,8,90,10,16,4096,0,49.9186111111
1,30,2,4,75,25,16,4096,0,40.5688888889
1,20,4,32,75,25,16,4096,0,325.4261111111
1,30,4,16,10,90,16,4096,0,205.3897222222
1,20,4,16,0,100,16,4096,0,207.4319444444
1,10,4,4,75,25,16,4096,0,46.535
1,8,4,32,90,10,16,4096,0,179.4327027027
1,4,4,4,75,25,16,4096,0,42.0505555556
1,30,1,8,50,50,16,4096,0,79.4978378378
1,30,4,4,50,50,16,4096,0,50.4097222222
1,6,2,8,0,100,16,4096,0,101.6969444444
1,20,2,2,25,75,16,4096,0,39.3047222222
1,20,2,4,75,25,16,4096,0,39.1486111111
1,4,2,16,0,100,16,4096,0,224.6597222222
1,30,4,32,0,100,16,4096,0,412.6440540541
1,8,4,4,75,25,16,4096,0,45.34
1,6,1,2,75,25,16,4096,0,31.8411111111
1,8,2,2,90,10,16,4096,0,32.1755555556
1,8,1,1,90,10,16,4096,0,31.0677777778
1,4,1,8,10,90,16,4096,0,104.8516666667
1,4,2,16,50,50,16,4096,0,169.1833333333
1,8,2,4,75,25,16,4096,0,45.5872222222
1,4,4,16,25,75,16,4096,0,194.6222222222
1,6,4,4,75,25,16,4096,0,42.35
1,6,1,8,25,75,16,4096,0,87.4780555556
1,10,2,8,75,25,16,4096,0,70.6961111111
1,10,1,4,50,50,16,4096,0,49.5688888889
1,6,2,8,75,25,16,4096,0,64.7919444444
1,6,1,4,10,90,16,4096,0,51.7318918919
1,8,4,8,25,75,16,4096,0,98.6330555556
1,4,4,32,25,75,16,4096,0,392.5258333333
1,30,1,4,25,75,16,4096,0,51.2730555556
1,8,2,8,75,25,16,4096,0,66.7488888889
1,20,4,8,90,10,16,4096,0,44.2283333333
1,30,2,4,0,100,16,4096,0,59.8016666667
1,4,2,8,90,10,16,4096,0,48.4230555556
1,30,2,4,50,50,16,4096,0,49.6447222222
1,4,2,4,50,50,16,4096,0,44.8552777778
1,8,4,32,10,90,16,4096,0,397.0097297297
1,30,1,8,0,100,16,4096,0,102.8122222222
1,10,1,1,90,10,16,4096,0,33.475
1,10,1,8,50,50,16,4096,0,85.8180555556
1,6,4,8,0,100,16,4096,0,102.7680555556
1,8,1,8,50,50,16,4096,0,82.5169444444
1,20,1,8,50,50,16,4096,0,79.0844444444
1,6,1,8,90,10,16,4096,0,45.8175
1,4,4,16,90,10,16,4096,0,81.59
1,30,1,2,10,90,16,4096,0,38.8241666667
1,10,2,8,90,10,16,4096,0,50.5722222222
1,4,2,16,90,10,16,4096,0,77.3480555556
1,10,1,2,75,25,16,4096,0,33.4897222222
1,6,4,8,90,10,16,4096,0,50.1269444444
1,4,2,4,10,90,16,4096,0,53.5094444444
1,10,1,4,25,75,16,4096,0,51.8758333333
1,8,1,1,75,25,16,4096,0,30.355
1,6,4,4,90,10,16,4096,0,36.86
1,4,1,8,0,100,16,4096,0,115.2383333333
1,6,1,8,50,50,16,4096,0,78.4244444444
1,4,4,16,50,50,16,4096,0,164.0047222222
1,10,4,4,90,10,16,4096,0,37.3433333333
1,4,1,2,0,100,16,4096,0,37.7452777778
1,6,2,16,90,10,16,4096,0,71.0386111111
1,10,2,16,10,90,16,4096,0,198.6641666667
1,10,2,2,25,75,16,4096,0,39.3861111111
1,8,2,4,10,90,16,4096,0,53.4197222222
1,30,2,2,10,90,16,4096,0,41.9952777778
1,4,4,32,75,25,16,4096,0,237.9294444444
1,6,1,8,75,25,16,4096,0,56.3419444444
1,4,4,4,50,50,16,4096,0,45.8977777778
1,8,4,4,90,10,16,4096,0,37.3572222222
1,30,4,32,50,50,16,4096,0,397.1289189189
1,6,1,1,75,25,16,4096,0,30.8708333333
1,4,4,16,75,25,16,4096,0,125.4044444444
1,4,1,8,75,25,16,4096,0,419.3435135135
1,10,1,1,75,25,16,4096,0,30.6294444444
1,6,1,1,0,100,16,4096,0,31.6636111111
1,10,2,16,90,10,16,4096,0,72.5838888889
1,8,1,4,90,10,16,4096,0,33.3680555556
1,4,2,16,10,90,16,4096,0,214.5088888889
1,6,2,4,0,100,16,4096,0,53.7544444444
1,8,4,8,50,50,16,4096,0,86.0141666667
1,6,4,32,0,100,16,4096,0,400.8332432432
1,8,1,8,75,25,16,4096,0,63.2722222222
1,4,2,2,25,75,16,4096,0,36.7805555556
1,6,4,8,75,25,16,4096,0,67.1469444444
1,20,4,4,10,90,16,4096,0,59.6211111111
1,30,2,16,90,10,16,4096,0,66.8875675676
1,20,1,8,10,90,16,4096,0,102.6833333333
1,8,2,8,90,10,16,4096,0,52.0502777778
1,30,4,4,0,100,16,4096,0,62.0408333333
1,20,1,8,25,75,16,4096,0,93.1724324324
1,4,2,16,25,75,16,4096,0,195.8405555556
1,30,4,4,75,25,16,4096,0,42.2708333333
1,30,1,1,0,100,16,4096,0,33.1280555556
1,10,4,16,75,25,16,4096,0,147.7269444444
1,20,1,1,90,10,16,4096,0,38.2169444444
1,6,4,8,50,50,16,4096,0,84.3055555556
1,10,1,2,10,90,16,4096,0,38.5236111111
1,6,2,2,0,100,16,4096,0,38.51
1,6,4,4,50,50,16,4096,0,46.2566666667
1,6,2,2,90,10,16,4096,0,30.9952777778
1,6,1,4,50,50,16,4096,0,44.4561111111
1,4,1,8,25,75,16,4096,0,92.9930555556
1,6,4,4,25,75,16,4096,0,53.1766666667
1,30,2,4,25,75,16,4096,0,55.0105555556
1,20,4,16,50,50,16,4096,0,186.1797222222
1,4,1,4,10,90,16,4096,0,51.7944444444
1,8,1,1,0,100,16,4096,0,32.2786111111
1,30,2,8,90,10,16,4096,0,42.9363888889
